,Ses_1,Ses_2,Ses_3,Ses_5,Ses_6,Ses_7,Ses_8,Ses_9,Ses_10,Ses_11,Ses_12,Ses_13,Ses_14,Ses_15,Ses_16,Ses_17,Ses_18,Ses_19,Ses_20,Ses_21,Ses_22,Ses_23,Ses_24,Ses_25,Ses_26,Ses_27,Ses_29
Tadam Photography,,,,X,X,X,X,X,,,,,,,,,,,,,,,,,,,
Veiled Rebel,,X,X,X,X,X,,,,X,X,X,X,,X,X,X,X,X,X,X,X,X,X,,,
Al-Istithmar National UK Limited,,,,,,,,,,,X,X,,,,,,,X,,,,,,,,
With Insight Education C.I.C,,,,,,,,,,,X,X,X,,,,,,,,,,,X,,,
Tynify,,,,,,,,X,,,X,X,,,,,,,,,,,,,,,
Twenty5seven,,,,X,X,X,,,,X,X,,,,X,X,X,,X,X,,X,,,,,
Lucid Rep Ltd,,,,,X,X,,,,X,,,,,,,X,,,,,,,,,,
Daria's Best Ltd,,X,,,,,,,,,,,,X,,,,,,,,,,,,,
Fourteen Forty,,,,X,X,X,,X,,,X,X,X,,,X,X,,,,X,,,,X,,
Julia Andrews Music,,,,,,,,,,,,,,,,,X,,,,,X,,,,,
Oh So Social Limited,,,,X,,X,X,,X,X,,,,,X,,X,,X,X,X,,,,,X,X
Potters Business Support Ltd,X,,,,,,,,,,,,X,,,,X,,X,,X,X,,X,,,
Fit The Bill Limited,,,,X,X,X,,X,,,X,,,,,,X,,,,,,,,,,
Blue wave swim school,,X,,X,,,,X,,,,X,X,,,X,,,,X,,,,,,,
Yogadmin,,,,,X,X,,,,,,X,,,,X,,,,,X,X,,,,X,
Elevate Her Limited,,,,X,,X,,,,,,,,,,X,,,,,,,,,,,
innoGO,,X,,,X,,,X,,,,,,,,,,,,,,,,,,,
HHc,,,,,,,X,X,,X,X,X,,,,,X,,,,X,,,,,,
SN Management,,,,,,,,X,,,X,X,X,,,,,,,X,,,,,,,
Suprcrowd Store,,,,,X,,,X,,,,X,,,,,,,,,,,,,,,
KIND2 Limited,,,,,X,,,X,,,X,X,,X,,,,,,X,,,,,,,
Skin Emporium LTD,,X,,,,,,X,,,X,X,,,,,,,,,,,,,,,
Earth Changers,,X,,,,,,X,,X,X,,X,,,,,,,,,,,,,,
Roe Communications,,,,,X,,,X,,,X,,,,X,,X,,,X,X,,,,,,
Dalesway Print Technology,,,,,X,X,,X,,,X,X,,,,,,X,,X,,,,,,,
Grime and Indie Pop Ltd,,X,,,X,,,X,,X,X,,,,,,X,X,,,X,,,X,,,